title,description
The Ghost Ship,A hidden fortress with ancient secrets.
The Return of the King,An expedition to the last uncharted frontier.
The Valley of the Kings,An exploration of a world lost in time.
The Sorcerer's Stone,A group of adventurers in search of a legendary artifact.
The Secret of the Old Mansion,A king's return to reclaim his throne.
The Dark Knight,An underwater kingdom with untold riches.
The Forbidden Island,A mummy's curse unleashed.
The Last Frontier,A time traveler who changes history.
Quest for the Golden Fleece,A high-stakes escape from the most notorious prison.
The Haunted Forest,A forest haunted by spirits and mysteries.
The Hidden Treasure,A mission to Mars that uncovers unexpected secrets.
Invasion of the Aliens,A haunting story set in a grand opera house.
The Last Frontier,A journey to a forbidden island.
The Forbidden Island,A young wizard's journey to find a magical stone.
The Phantom of the Opera,An adventure in the shadow of the pyramids.
The Crystal Skull,A hunt for a crystal skull with mystical powers.
The Valley of the Kings,A king's return to reclaim his throne.
The Time Traveler,A forest haunted by spirits and mysteries.
The Lost World,A mummy's curse unleashed.
Escape from Alcatraz,An exploration of a world lost in time.
The Crystal Skull,A hidden fortress with ancient secrets.
Pirates of the Caribbean,A dark knight fighting against evil.
The Valley of the Kings,A ghost ship that appears every full moon.
The Time Traveler,A group of adventurers in search of a legendary artifact.
The Rise of the Phoenix,A battle between ancient titans.
The Curse of the Mummy,A journey to a forbidden island.
Journey to Mars,A thrilling adventure in the heart of an ancient city.
Journey to Mars,An expedition to the last uncharted frontier.
The Haunted Forest,A mysterious mansion with dark secrets.
Quest for the Golden Fleece,An archaeological dig in the Valley of the Kings.
